datetime,student,task
2019-09-10 19:38,Олег,Самостоятельная работа №1. Задачи анализа данных и типы данных
2019-09-11 15:35,Надежда,Лабораторная работа №1. Python
2019-09-11 15:35,Надежда,Лабораторная работа №1. Python
2019-09-11 15:36,Степан,Лабораторная работа №1. Python
2019-09-11 15:36,Степан,Лабораторная работа №1. Python
2019-09-11 15:36,Екатерина,Лабораторная работа №1. Python
2019-09-11 15:36,Надежда,Лабораторная работа №1. Python
2019-09-11 15:36,Надежда,Лабораторная работа №1. Python
2019-09-11 15:36,Надежда,Лабораторная работа №1. Python
2019-09-11 15:36,Надежда,Лабораторная работа №1. Python
2019-09-11 15:36,Екатерина,Лабораторная работа №1. Python
2019-09-11 15:37,Кирилл,Лабораторная работа №1. Python
2019-09-11 15:37,Кирилл,Лабораторная работа №1. Python
2019-09-11 15:37,Юлия,Лабораторная работа №1. Python
2019-09-11 15:37,Юлия,Лабораторная работа №1. Python
2019-09-11 15:37,Юлия,Лабораторная работа №1. Python
2019-09-11 15:37,Юлия,Лабораторная работа №1. Python
2019-09-11 15:37,Дмитрий,Лабораторная работа №1. Python
2019-09-11 15:37,Дмитрий,Лабораторная работа №1. Python
2019-09-11 15:37,Дмитрий,Лабораторная работа №1. Python
2019-09-11 15:37,Дмитрий,Лабораторная работа №1. Python
2019-09-11 15:37,Степан,Лабораторная работа №1. Python
2019-09-11 15:37,Кирилл,Лабораторная работа №1. Python
2019-09-11 15:37,Степан,Лабораторная работа №1. Python
2019-09-11 15:37,Степан,Лабораторная работа №1. Python
2019-09-11 15:37,Юлия,Лабораторная работа №1. Python
2019-09-11 15:37,Юлия,Лабораторная работа №1. Python
2019-09-11 15:37,Екатерина,Лабораторная работа №1. Python
2019-09-11 15:37,Екатерина,Лабораторная работа №1. Python
2019-09-11 15:37,Екатерина,Лабораторная работа №1. Python
2019-09-11 15:37,Кирилл,Лабораторная работа №1. Python
2019-09-11 15:37,Екатерина,Лабораторная работа №1. Python
2019-09-11 15:37,Дмитрий,Лабораторная работа №1. Python
2019-09-11 15:37,Дмитрий,Лабораторная работа №1. Python
2019-09-11 15:37,Кирилл,Лабораторная работа №1. Python
2019-09-11 15:37,Кирилл,Лабораторная работа №1. Python
2019-09-11 15:37,Степан,Лабораторная работа №1. Python
2019-09-11 23:48,Олег,Лабораторная работа №1. Python
2019-09-11 23:48,Олег,Лабораторная работа №1. Python
2019-09-11 23:49,Олег,Лабораторная работа №1. Python
2019-09-11 23:49,Олег,Лабораторная работа №1. Python
2019-09-11 23:49,Олег,Лабораторная работа №1. Python
2019-09-11 23:49,Олег,Лабораторная работа №1. Python
2019-09-14 19:38,Светлана,Лабораторная работа №1. Python
2019-09-14 19:38,Светлана,Лабораторная работа №1. Python
2019-09-14 19:39,Светлана,Лабораторная работа №1. Python
2019-09-14 19:39,Светлана,Лабораторная работа №1. Python
2019-09-14 19:39,Светлана,Лабораторная работа №1. Python
2019-09-14 19:39,Светлана,Лабораторная работа №1. Python
2019-09-14 19:40,Светлана,Самостоятельная работа №1. Задачи анализа данных и типы данных
2019-09-14 22:50,Дмитрий,Лабораторная работа №1. Python
2019-09-14 22:51,Дмитрий,Самостоятельная работа №1. Задачи анализа данных и типы данных
2019-09-15 08:46,Кирилл,Самостоятельная работа №1. Задачи анализа данных и типы данных
2019-09-15 11:14,Екатерина,Самостоятельная работа №2. Установка Anaconda
2019-09-15 11:14,Екатерина,Лабораторная работа №2. Линейная алгебра и библиотека numpy
2019-09-15 11:15,Екатерина,Самостоятельная работа №1. Задачи анализа данных и типы данных
2019-09-15 12:35,Юлия,Лабораторная работа №2. Линейная алгебра и библиотека numpy
2019-09-15 12:35,Юлия,Самостоятельная работа №1. Задачи анализа данных и типы данных
2019-09-15 12:35,Юлия,Самостоятельная работа №2. Установка Anaconda
2019-09-15 14:18,Юлия,Лабораторная работа №1. Python
2019-09-15 14:37,Светлана,Самостоятельная работа №1. Задачи анализа данных и типы данных
2019-09-15 14:37,Светлана,Самостоятельная работа №1. Задачи анализа данных и типы данных
2019-09-15 14:39,Степан,Лабораторная работа №1. Python
2019-09-15 14:39,Дмитрий,Самостоятельная работа №1. Задачи анализа данных и типы данных
2019-09-15 14:40,Степан,Самостоятельная работа №1. Задачи анализа данных и типы данных
2019-09-15 14:40,Степан,Самостоятельная работа №2. Установка Anaconda
2019-09-15 14:40,Степан,Лабораторная работа №2. Линейная алгебра и библиотека numpy
2019-09-15 14:40,Степан,Лабораторная работа №1. Python
2019-09-15 15:15,Кирилл,Самостоятельная работа №1. Задачи анализа данных и типы данных
2019-09-15 15:30,Степан,Самостоятельная работа №1. Задачи анализа данных и типы данных
2019-09-15 15:30,Степан,Самостоятельная работа №1. Задачи анализа данных и типы данных
2019-09-15 15:31,Степан,Самостоятельная работа №1. Задачи анализа данных и типы данных
2019-09-15 15:31,Степан,Самостоятельная работа №1. Задачи анализа данных и типы данных
2019-09-15 15:31,Степан,Самостоятельная работа №1. Задачи анализа данных и типы данных
2019-09-15 15:32,Степан,Самостоятельная работа №1. Задачи анализа данных и типы данных
2019-09-15 15:35,Степан,Самостоятельная работа №1. Задачи анализа данных и типы данных
2019-09-15 15:35,Степан,Самостоятельная работа №1. Задачи анализа данных и типы данных
2019-09-15 15:35,Дмитрий,Самостоятельная работа №1. Задачи анализа данных и типы данных
2019-09-15 15:36,Кирилл,Самостоятельная работа №1. Задачи анализа данных и типы данных
2019-09-15 15:38,Степан,Самостоятельная работа №1. Задачи анализа данных и типы данных
2019-09-15 15:38,Степан,Самостоятельная работа №1. Задачи анализа данных и типы данных
2019-09-15 15:40,Степан,Самостоятельная работа №1. Задачи анализа данных и типы данных
2019-09-15 15:40,Степан,Самостоятельная работа №1. Задачи анализа данных и типы данных
2019-09-15 15:40,Степан,Самостоятельная работа №1. Задачи анализа данных и типы данных
2019-09-15 15:40,Степан,Самостоятельная работа №1. Задачи анализа данных и типы данных
2019-09-15 16:13,Светлана,Самостоятельная работа №1. Задачи анализа данных и типы данных
2019-09-15 16:14,Светлана,Самостоятельная работа №1. Задачи анализа данных и типы данных
2019-09-15 16:14,Светлана,Самостоятельная работа №1. Задачи анализа данных и типы данных
2019-09-15 16:14,Светлана,Самостоятельная работа №1. Задачи анализа данных и типы данных
2019-09-15 16:14,Светлана,Самостоятельная работа №1. Задачи анализа данных и типы данных
2019-09-15 16:15,Светлана,Самостоятельная работа №2. Установка Anaconda
2019-09-15 17:18,Кирилл,Самостоятельная работа №1. Задачи анализа данных и типы данных
2019-09-15 17:25,Кирилл,Самостоятельная работа №2. Установка Anaconda
2019-09-15 18:46,Олег,Самостоятельная работа №1. Задачи анализа данных и типы данных
2019-09-15 18:48,Олег,Самостоятельная работа №1. Задачи анализа данных и типы данных
2019-09-15 19:15,Кирилл,Самостоятельная работа №1. Задачи анализа данных и типы данных
2019-09-15 19:24,Надежда,Самостоятельная работа №1. Задачи анализа данных и типы данных
2019-09-15 19:24,Надежда,Самостоятельная работа №1. Задачи анализа данных и типы данных
2019-09-15 19:57,Дмитрий,Самостоятельная работа №1. Задачи анализа данных и типы данных
2019-09-15 19:57,Дмитрий,Самостоятельная работа №1. Задачи анализа данных и типы данных
2019-09-15 20:01,Дмитрий,Самостоятельная работа №1. Задачи анализа данных и типы данных
2019-09-15 20:01,Дмитрий,Самостоятельная работа №1. Задачи анализа данных и типы данных
2019-09-15 20:01,Дмитрий,Самостоятельная работа №1. Задачи анализа данных и типы данных
2019-09-15 20:01,Дмитрий,Самостоятельная работа №1. Задачи анализа данных и типы данных
2019-09-15 20:19,Кирилл,Самостоятельная работа №1. Задачи анализа данных и типы данных
2019-09-15 20:20,Кирилл,Самостоятельная работа №1. Задачи анализа данных и типы данных
2019-09-15 20:20,Кирилл,Самостоятельная работа №1. Задачи анализа данных и типы данных
2019-09-15 20:21,Екатерина,Самостоятельная работа №1. Задачи анализа данных и типы данных
2019-09-15 20:21,Кирилл,Самостоятельная работа №1. Задачи анализа данных и типы данных
2019-09-15 20:23,Кирилл,Самостоятельная работа №1. Задачи анализа данных и типы данных
2019-09-15 20:24,Кирилл,Самостоятельная работа №1. Задачи анализа данных и типы данных
2019-09-15 20:24,Кирилл,Самостоятельная работа №1. Задачи анализа данных и типы данных
2019-09-15 20:24,Кирилл,Самостоятельная работа №1. Задачи анализа данных и типы данных
2019-09-15 20:24,Кирилл,Самостоятельная работа №1. Задачи анализа данных и типы данных
2019-09-15 20:26,Кирилл,Самостоятельная работа №1. Задачи анализа данных и типы данных
2019-09-15 20:26,Кирилл,Самостоятельная работа №1. Задачи анализа данных и типы данных
2019-09-15 20:29,Екатерина,Самостоятельная работа №1. Задачи анализа данных и типы данных
2019-09-15 20:32,Кирилл,Самостоятельная работа №1. Задачи анализа данных и типы данных
2019-09-15 20:32,Кирилл,Самостоятельная работа №1. Задачи анализа данных и типы данных
2019-09-15 20:32,Кирилл,Самостоятельная работа №1. Задачи анализа данных и типы данных
2019-09-15 20:32,Кирилл,Самостоятельная работа №1. Задачи анализа данных и типы данных
2019-09-15 20:32,Кирилл,Самостоятельная работа №1. Задачи анализа данных и типы данных
2019-09-15 20:32,Кирилл,Самостоятельная работа №1. Задачи анализа данных и типы данных
2019-09-15 20:32,Кирилл,Самостоятельная работа №1. Задачи анализа данных и типы данных
2019-09-15 20:33,Кирилл,Самостоятельная работа №1. Задачи анализа данных и типы данных
2019-09-15 20:34,Кирилл,Самостоятельная работа №1. Задачи анализа данных и типы данных
2019-09-15 20:34,Кирилл,Самостоятельная работа №1. Задачи анализа данных и типы данных
2019-09-15 20:34,Кирилл,Самостоятельная работа №1. Задачи анализа данных и типы данных
2019-09-15 20:35,Кирилл,Самостоятельная работа №1. Задачи анализа данных и типы данных
2019-09-15 20:39,Кирилл,Самостоятельная работа №1. Задачи анализа данных и типы данных
2019-09-15 20:39,Кирилл,Самостоятельная работа №1. Задачи анализа данных и типы данных
2019-09-15 20:39,Кирилл,Самостоятельная работа №1. Задачи анализа данных и типы данных
2019-09-15 20:39,Кирилл,Самостоятельная работа №1. Задачи анализа данных и типы данных
2019-09-15 20:40,Кирилл,Самостоятельная работа №1. Задачи анализа данных и типы данных
2019-09-15 20:41,Кирилл,Самостоятельная работа №1. Задачи анализа данных и типы данных
2019-09-15 20:56,Екатерина,Самостоятельная работа №1. Задачи анализа данных и типы данных
2019-09-15 20:56,Екатерина,Самостоятельная работа №1. Задачи анализа данных и типы данных
2019-09-15 20:56,Екатерина,Самостоятельная работа №1. Задачи анализа данных и типы данных
2019-09-15 20:56,Екатерина,Самостоятельная работа №1. Задачи анализа данных и типы данных
2019-09-15 20:57,Екатерина,Самостоятельная работа №1. Задачи анализа данных и типы данных
2019-09-15 20:57,Екатерина,Самостоятельная работа №1. Задачи анализа данных и типы данных
2019-09-15 20:57,Екатерина,Самостоятельная работа №1. Задачи анализа данных и типы данных
2019-09-15 21:09,Борис,Самостоятельная работа №1. Задачи анализа данных и типы данных
2019-09-15 21:28,Борис,Самостоятельная работа №1. Задачи анализа данных и типы данных
2019-09-15 21:35,Степан,Самостоятельная работа №1. Задачи анализа данных и типы данных
2019-09-15 21:35,Степан,Самостоятельная работа №1. Задачи анализа данных и типы данных
2019-09-15 21:35,Степан,Самостоятельная работа №1. Задачи анализа данных и типы данных
2019-09-15 21:35,Степан,Самостоятельная работа №1. Задачи анализа данных и типы данных
2019-09-15 21:35,Степан,Самостоятельная работа №1. Задачи анализа данных и типы данных
2019-09-15 21:35,Степан,Самостоятельная работа №1. Задачи анализа данных и типы данных
2019-09-15 21:58,Борис,Самостоятельная работа №1. Задачи анализа данных и типы данных
2019-09-15 22:10,Борис,Самостоятельная работа №1. Задачи анализа данных и типы данных
2019-09-15 22:10,Борис,Самостоятельная работа №1. Задачи анализа данных и типы данных
2019-09-15 22:20,Олег,Самостоятельная работа №1. Задачи анализа данных и типы данных
2019-09-15 22:21,Олег,Самостоятельная работа №1. Задачи анализа данных и типы данных
2019-09-15 22:21,Олег,Самостоятельная работа №1. Задачи анализа данных и типы данных
2019-09-15 22:21,Олег,Самостоятельная работа №1. Задачи анализа данных и типы данных
2019-09-15 22:21,Олег,Самостоятельная работа №1. Задачи анализа данных и типы данных
2019-09-15 22:39,Борис,Самостоятельная работа №1. Задачи анализа данных и типы данных
2019-09-15 22:51,Борис,Самостоятельная работа №1. Задачи анализа данных и типы данных
2019-09-15 22:51,Борис,Самостоятельная работа №1. Задачи анализа данных и типы данных
2019-09-15 22:51,Борис,Самостоятельная работа №1. Задачи анализа данных и типы данных
2019-09-15 22:51,Борис,Самостоятельная работа №1. Задачи анализа данных и типы данных
2019-09-15 22:57,Борис,Самостоятельная работа №1. Задачи анализа данных и типы данных
2019-09-15 23:10,Борис,Самостоятельная работа №1. Задачи анализа данных и типы данных
2019-09-15 23:30,Максим,Самостоятельная работа №1. Задачи анализа данных и типы данных
2019-09-15 23:33,Надежда,Самостоятельная работа №1. Задачи анализа данных и типы данных
2019-09-15 23:33,Надежда,Самостоятельная работа №1. Задачи анализа данных и типы данных
2019-09-15 23:33,Надежда,Самостоятельная работа №1. Задачи анализа данных и типы данных
2019-09-15 23:38,Надежда,Самостоятельная работа №1. Задачи анализа данных и типы данных
2019-09-15 23:38,Надежда,Самостоятельная работа №1. Задачи анализа данных и типы данных
2019-09-15 23:38,Надежда,Самостоятельная работа №1. Задачи анализа данных и типы данных
2019-09-15 23:38,Надежда,Самостоятельная работа №1. Задачи анализа данных и типы данных
2019-09-15 23:40,Максим,Самостоятельная работа №1. Задачи анализа данных и типы данных
2019-09-15 23:53,Максим,Самостоятельная работа №1. Задачи анализа данных и типы данных
2019-09-16 00:02,Максим,Самостоятельная работа №1. Задачи анализа данных и типы данных
2019-09-16 00:04,Максим,Лабораторная работа №1. Python
2019-09-16 00:06,Борис,Самостоятельная работа №1. Задачи анализа данных и типы данных
2019-09-16 00:19,Максим,Самостоятельная работа №1. Задачи анализа данных и типы данных
2019-09-16 00:21,Максим,Самостоятельная работа №1. Задачи анализа данных и типы данных
2019-09-16 00:22,Максим,Самостоятельная работа №1. Задачи анализа данных и типы данных
2019-09-16 00:23,Максим,Лабораторная работа №1. Python
2019-09-16 00:24,Максим,Самостоятельная работа №1. Задачи анализа данных и типы данных
2019-09-16 00:24,Максим,Лабораторная работа №1. Python
2019-09-16 00:24,Максим,Лабораторная работа №1. Python
2019-09-16 00:24,Максим,Лабораторная работа №1. Python
2019-09-16 00:24,Максим,Лабораторная работа №1. Python
2019-09-16 16:26,Кирилл,Самостоятельная работа №1. Задачи анализа данных и типы данных
2019-09-16 16:27,Кирилл,Самостоятельная работа №1. Задачи анализа данных и типы данных
2019-09-16 16:29,Кирилл,Самостоятельная работа №1. Задачи анализа данных и типы данных
2019-09-16 16:29,Кирилл,Самостоятельная работа №1. Задачи анализа данных и типы данных
2019-09-16 16:29,Кирилл,Самостоятельная работа №1. Задачи анализа данных и типы данных
2019-09-16 16:29,Кирилл,Самостоятельная работа №1. Задачи анализа данных и типы данных
2019-09-16 16:29,Кирилл,Самостоятельная работа №2. Установка Anaconda
2019-09-16 16:29,Кирилл,Лабораторная работа №1. Python
2019-09-16 16:29,Кирилл,Лабораторная работа №2. Линейная алгебра и библиотека numpy
2019-09-16 17:56,Степан,Самостоятельная работа №1. Задачи анализа данных и типы данных
2019-09-17 20:40,Степан,Самостоятельная работа №1. Задачи анализа данных и типы данных
2019-09-17 20:40,Степан,Самостоятельная работа №1. Задачи анализа данных и типы данных
2019-09-17 20:40,Степан,Самостоятельная работа №1. Задачи анализа данных и типы данных
2019-09-17 20:41,Степан,Лабораторная работа №2. Линейная алгебра и библиотека numpy
2019-09-17 20:58,Кирилл,Самостоятельная работа №2. Установка Anaconda
2019-09-20 01:01,Максим,Лабораторная работа №1. Python
2019-09-20 15:37,Борис,Самостоятельная работа №1. Задачи анализа данных и типы данных
2019-09-21 23:56,Светлана,Самостоятельная работа №2. Установка Anaconda
2019-09-22 00:00,Светлана,Самостоятельная работа №1. Задачи анализа данных и типы данных
2019-09-22 02:32,Светлана,Самостоятельная работа №2. Установка Anaconda
2019-09-22 03:03,Максим,Лабораторная работа №2. Линейная алгебра и библиотека numpy
2019-09-22 03:03,Максим,Самостоятельная работа №2. Установка Anaconda
2019-09-22 03:05,Светлана,Самостоятельная работа №2. Установка Anaconda
2019-09-22 03:06,Светлана,Самостоятельная работа №2. Установка Anaconda
2019-09-22 03:06,Светлана,Самостоятельная работа №2. Установка Anaconda
2019-09-22 03:06,Светлана,Самостоятельная работа №2. Установка Anaconda
2019-09-22 03:06,Светлана,Самостоятельная работа №2. Установка Anaconda
2019-09-22 03:06,Светлана,Самостоятельная работа №2. Установка Anaconda
2019-09-22 03:06,Светлана,Самостоятельная работа №2. Установка Anaconda
2019-09-22 03:08,Светлана,Лабораторная работа №2. Линейная алгебра и библиотека numpy
2019-09-22 03:53,Светлана,Самостоятельная работа №2. Установка Anaconda
2019-09-22 05:30,Максим,Самостоятельная работа №2. Установка Anaconda
2019-09-22 16:29,Максим,Самостоятельная работа №2. Установка Anaconda
2019-09-22 16:51,Максим,Самостоятельная работа №2. Установка Anaconda
2019-09-22 16:52,Максим,Самостоятельная работа №2. Установка Anaconda
2019-09-22 16:52,Максим,Самостоятельная работа №2. Установка Anaconda
2019-09-22 16:52,Максим,Самостоятельная работа №2. Установка Anaconda
2019-09-22 16:52,Максим,Самостоятельная работа №2. Установка Anaconda
2019-09-22 22:00,Кирилл,Самостоятельная работа №2. Установка Anaconda
2019-09-22 22:13,Кирилл,Самостоятельная работа №2. Установка Anaconda
2019-09-22 22:15,Кирилл,Самостоятельная работа №2. Установка Anaconda
2019-09-22 22:15,Кирилл,Самостоятельная работа №2. Установка Anaconda
2019-09-22 22:15,Кирилл,Самостоятельная работа №2. Установка Anaconda
2019-09-22 22:15,Кирилл,Самостоятельная работа №2. Установка Anaconda
2019-09-22 22:15,Кирилл,Самостоятельная работа №2. Установка Anaconda
2019-09-22 22:16,Кирилл,Самостоятельная работа №2. Установка Anaconda
2019-09-22 22:18,Кирилл,Самостоятельная работа №2. Установка Anaconda
2019-09-23 09:32,Кирилл,Самостоятельная работа №2. Установка Anaconda
2019-09-23 17:45,Кирилл,Самостоятельная работа №2. Установка Anaconda
2019-09-24 13:41,Екатерина,Самостоятельная работа №2. Установка Anaconda
2019-09-24 13:53,Екатерина,Лабораторная работа №2. Линейная алгебра и библиотека numpy
2019-09-24 13:54,Екатерина,Самостоятельная работа №2. Установка Anaconda
2019-09-24 13:59,Максим,Лабораторная работа №2. Линейная алгебра и библиотека numpy
2019-09-24 15:12,Екатерина,Самостоятельная работа №2. Установка Anaconda
2019-09-24 19:52,Дмитрий,Самостоятельная работа №2. Установка Anaconda
2019-09-24 20:49,Дмитрий,Самостоятельная работа №2. Установка Anaconda
2019-09-24 21:31,Дмитрий,Самостоятельная работа №2. Установка Anaconda
2019-09-24 22:54,Надежда,Самостоятельная работа №2. Установка Anaconda
2019-09-25 10:45,Юлия,Самостоятельная работа №2. Установка Anaconda
2019-09-25 11:17,Надежда,Самостоятельная работа №2. Установка Anaconda
2019-09-25 11:17,Надежда,Самостоятельная работа №2. Установка Anaconda
2019-09-25 11:53,Юлия,Самостоятельная работа №2. Установка Anaconda
2019-09-25 12:06,Юлия,Самостоятельная работа №2. Установка Anaconda
2019-09-25 12:11,Светлана,Самостоятельная работа №2. Установка Anaconda
2019-09-25 12:58,Кирилл,Самостоятельная работа №2. Установка Anaconda
2019-09-25 13:26,Екатерина,Самостоятельная работа №2. Установка Anaconda
2019-09-25 13:27,Екатерина,Лабораторная работа №2. Линейная алгебра и библиотека numpy
2019-09-25 14:02,Кирилл,Самостоятельная работа №2. Установка Anaconda
2019-09-25 14:02,Кирилл,Лабораторная работа №2. Линейная алгебра и библиотека numpy
2019-09-25 14:04,Дмитрий,Лабораторная работа №2. Линейная алгебра и библиотека numpy
2019-09-25 14:09,Юлия,Лабораторная работа №1. Python
2019-09-25 14:10,Юлия,Лабораторная работа №2. Линейная алгебра и библиотека numpy
2019-09-25 15:09,Светлана,Лабораторная работа №2. Линейная алгебра и библиотека numpy
2019-09-25 15:16,Кирилл,Лабораторная работа №2. Линейная алгебра и библиотека numpy
2019-09-25 15:16,Светлана,Лабораторная работа №2. Линейная алгебра и библиотека numpy
2019-09-25 15:16,Кирилл,Лабораторная работа №2. Линейная алгебра и библиотека numpy
2019-09-25 15:16,Светлана,Лабораторная работа №2. Линейная алгебра и библиотека numpy
2019-09-25 15:16,Светлана,Лабораторная работа №2. Линейная алгебра и библиотека numpy
2019-09-25 15:16,Светлана,Лабораторная работа №2. Линейная алгебра и библиотека numpy
2019-09-25 15:16,Светлана,Лабораторная работа №2. Линейная алгебра и библиотека numpy
2019-09-25 15:17,Кирилл,Лабораторная работа №2. Линейная алгебра и библиотека numpy
2019-09-25 15:17,Кирилл,Лабораторная работа №2. Линейная алгебра и библиотека numpy
2019-09-25 15:17,Кирилл,Лабораторная работа №2. Линейная алгебра и библиотека numpy
2019-09-25 15:17,Кирилл,Лабораторная работа №2. Линейная алгебра и библиотека numpy
2019-09-25 15:19,Екатерина,Самостоятельная работа №2. Установка Anaconda
2019-09-25 15:19,Светлана,Лабораторная работа №2. Линейная алгебра и библиотека numpy
2019-09-25 15:20,Екатерина,Лабораторная работа №2. Линейная алгебра и библиотека numpy
2019-09-25 15:20,Екатерина,Лабораторная работа №2. Линейная алгебра и библиотека numpy
2019-09-25 15:21,Екатерина,Лабораторная работа №2. Линейная алгебра и библиотека numpy
2019-09-25 15:21,Екатерина,Лабораторная работа №2. Линейная алгебра и библиотека numpy
2019-09-25 15:21,Екатерина,Лабораторная работа №2. Линейная алгебра и библиотека numpy
2019-09-25 15:21,Екатерина,Лабораторная работа №2. Линейная алгебра и библиотека numpy
2019-09-25 15:21,Юлия,Лабораторная работа №2. Линейная алгебра и библиотека numpy
2019-09-25 15:21,Юлия,Лабораторная работа №2. Линейная алгебра и библиотека numpy
2019-09-25 15:22,Юлия,Лабораторная работа №2. Линейная алгебра и библиотека numpy
2019-09-25 15:22,Юлия,Лабораторная работа №2. Линейная алгебра и библиотека numpy
2019-09-25 15:22,Юлия,Лабораторная работа №2. Линейная алгебра и библиотека numpy
2019-09-25 15:22,Юлия,Лабораторная работа №2. Линейная алгебра и библиотека numpy
2019-09-25 15:22,Кирилл,Лабораторная работа №2. Линейная алгебра и библиотека numpy
2019-09-25 15:22,Кирилл,Лабораторная работа №2. Линейная алгебра и библиотека numpy
2019-09-25 15:22,Кирилл,Лабораторная работа №2. Линейная алгебра и библиотека numpy
2019-09-25 15:22,Кирилл,Лабораторная работа №2. Линейная алгебра и библиотека numpy
2019-09-25 15:22,Кирилл,Лабораторная работа №2. Линейная алгебра и библиотека numpy
2019-09-25 15:24,Кирилл,Самостоятельная работа №2. Установка Anaconda
2019-09-25 15:25,Максим,Лабораторная работа №2. Линейная алгебра и библиотека numpy
2019-09-25 15:25,Олег,Лабораторная работа №2. Линейная алгебра и библиотека numpy
2019-09-25 15:25,Максим,Лабораторная работа №2. Линейная алгебра и библиотека numpy
2019-09-25 15:25,Олег,Лабораторная работа №2. Линейная алгебра и библиотека numpy
2019-09-25 15:26,Максим,Лабораторная работа №2. Линейная алгебра и библиотека numpy
2019-09-25 15:26,Максим,Лабораторная работа №2. Линейная алгебра и библиотека numpy
2019-09-25 15:26,Максим,Лабораторная работа №2. Линейная алгебра и библиотека numpy
2019-09-25 15:26,Максим,Лабораторная работа №2. Линейная алгебра и библиотека numpy
2019-09-25 15:26,Олег,Лабораторная работа №2. Линейная алгебра и библиотека numpy
2019-09-25 15:26,Олег,Лабораторная работа №2. Линейная алгебра и библиотека numpy
2019-09-25 15:26,Олег,Лабораторная работа №2. Линейная алгебра и библиотека numpy
2019-09-25 15:26,Олег,Лабораторная работа №2. Линейная алгебра и библиотека numpy
2019-09-25 15:29,Надежда,Лабораторная работа №2. Линейная алгебра и библиотека numpy
2019-09-25 15:29,Надежда,Лабораторная работа №2. Линейная алгебра и библиотека numpy
2019-09-25 15:29,Надежда,Лабораторная работа №2. Линейная алгебра и библиотека numpy
2019-09-25 15:29,Надежда,Лабораторная работа №2. Линейная алгебра и библиотека numpy
2019-09-25 15:29,Надежда,Лабораторная работа №2. Линейная алгебра и библиотека numpy
2019-09-25 15:29,Надежда,Лабораторная работа №2. Линейная алгебра и библиотека numpy
2019-09-25 15:33,Дмитрий,Лабораторная работа №2. Линейная алгебра и библиотека numpy
2019-09-25 15:33,Дмитрий,Лабораторная работа №2. Линейная алгебра и библиотека numpy
2019-09-25 15:34,Дмитрий,Лабораторная работа №2. Линейная алгебра и библиотека numpy
2019-09-25 15:34,Дмитрий,Лабораторная работа №2. Линейная алгебра и библиотека numpy
2019-09-25 15:34,Дмитрий,Лабораторная работа №2. Линейная алгебра и библиотека numpy
2019-09-25 15:34,Дмитрий,Лабораторная работа №2. Линейная алгебра и библиотека numpy
2019-09-25 20:53,Екатерина,Самостоятельная работа №2. Установка Anaconda
2019-09-25 20:54,Екатерина,Самостоятельная работа №2. Установка Anaconda
2019-09-25 20:54,Екатерина,Самостоятельная работа №2. Установка Anaconda
2019-09-25 20:54,Екатерина,Самостоятельная работа №2. Установка Anaconda
2019-09-25 20:54,Екатерина,Самостоятельная работа №2. Установка Anaconda
2019-09-25 20:54,Екатерина,Самостоятельная работа №2. Установка Anaconda
2019-09-26 23:12,Максим,Лабораторная работа №2. Линейная алгебра и библиотека numpy
2019-09-27 16:50,Дмитрий,Самостоятельная работа №2. Установка Anaconda
2019-09-29 22:59,Дмитрий,Самостоятельная работа №2. Установка Anaconda
2019-09-29 22:59,Дмитрий,Лабораторная работа №2. Линейная алгебра и библиотека numpy
2019-09-30 19:03,Дмитрий,Самостоятельная работа №2. Установка Anaconda
2019-10-02 12:29,Екатерина,Лабораторная работа №2. Линейная алгебра и библиотека numpy
2019-10-02 12:29,Екатерина,Самостоятельная работа №2. Установка Anaconda
2019-10-06 00:44,Екатерина,Лабораторная работа №2. Линейная алгебра и библиотека numpy
2019-10-06 00:44,Екатерина,Самостоятельная работа №1. Задачи анализа данных и типы данных
2019-10-06 00:44,Екатерина,Самостоятельная работа №2. Установка Anaconda
2019-10-06 17:50,Светлана,Самостоятельная работа №1. Задачи анализа данных и типы данных
2019-10-06 17:50,Светлана,Самостоятельная работа №2. Установка Anaconda
2019-10-06 17:51,Светлана,Лабораторная работа №2. Линейная алгебра и библиотека numpy
2019-10-06 17:51,Светлана,Лабораторная работа №1. Python
2019-10-08 12:23,Максим,Самостоятельная работа №1. Задачи анализа данных и типы данных
2019-10-08 12:23,Максим,Самостоятельная работа №1. Задачи анализа данных и типы данных
2019-10-08 12:24,Максим,Самостоятельная работа №2. Установка Anaconda
2019-10-08 12:24,Максим,Лабораторная работа №1. Python
2019-10-08 12:24,Максим,Лабораторная работа №2. Линейная алгебра и библиотека numpy
2019-10-08 19:39,Кирилл,Самостоятельная работа №2. Установка Anaconda
2019-10-08 19:39,Кирилл,Лабораторная работа №3 (часть 1)
2019-10-08 19:39,Кирилл,Лабораторная работа №3 (часть 2)
2019-10-08 20:04,Степан,Самостоятельная работа №1. Задачи анализа данных и типы данных
2019-10-08 20:04,Степан,Самостоятельная работа №2. Установка Anaconda
2019-10-08 20:05,Степан,Лабораторная работа №3 (часть 1)
2019-10-08 20:05,Степан,Лабораторная работа №2. Линейная алгебра и библиотека numpy
2019-10-08 20:29,Екатерина,Лабораторная работа №3 (часть 1)
2019-10-08 20:37,Максим,Лабораторная работа №3 (часть 2)
2019-10-08 20:37,Максим,Лабораторная работа №3 (часть 1)
2019-10-08 20:38,Максим,Лабораторная работа №3 (часть 1)
2019-10-08 20:54,Степан,Самостоятельная работа №2. Установка Anaconda
2019-10-08 20:55,Степан,Лабораторная работа №2. Линейная алгебра и библиотека numpy
2019-10-08 20:56,Степан,Лабораторная работа №3 (часть 1)
2019-10-08 20:56,Степан,Лабораторная работа №3 (часть 2)
2019-10-09 15:12,Кирилл,Лабораторная работа №3 (часть 1)
2019-10-09 15:12,Кирилл,Лабораторная работа №3 (часть 2)
2019-10-09 15:21,Кирилл,Лабораторная работа №3 (часть 1)
2019-10-09 15:21,Кирилл,Лабораторная работа №3 (часть 2)
2019-10-09 15:21,Степан,Лабораторная работа №3 (часть 1)
2019-10-09 15:21,Степан,Лабораторная работа №3 (часть 2)
2019-10-09 15:23,Юлия,Лабораторная работа №3 (часть 1)
2019-10-09 15:25,Кирилл,Лабораторная работа №3 (часть 2)
2019-10-09 15:26,Кирилл,Лабораторная работа №3 (часть 2)
2019-10-09 15:26,Кирилл,Лабораторная работа №3 (часть 1)
2019-10-09 15:26,Степан,Лабораторная работа №3 (часть 1)
2019-10-09 15:27,Олег,Лабораторная работа №3 (часть 1)
2019-10-09 15:49,Олег,Лабораторная работа №3 (часть 2)
2019-10-09 15:51,Кирилл,Лабораторная работа №3 (часть 1)
2019-10-09 15:51,Кирилл,Лабораторная работа №3 (часть 1)
2019-10-09 15:51,Кирилл,Лабораторная работа №3 (часть 1)
2019-10-09 15:51,Кирилл,Лабораторная работа №3 (часть 1)
2019-10-09 15:51,Кирилл,Лабораторная работа №3 (часть 1)
2019-10-09 15:51,Кирилл,Лабораторная работа №3 (часть 1)
2019-10-09 15:56,Олег,Лабораторная работа №3 (часть 1)
2019-10-09 15:56,Степан,Лабораторная работа №3 (часть 1)
2019-10-09 15:56,Степан,Лабораторная работа №3 (часть 1)
2019-10-09 15:56,Степан,Лабораторная работа №3 (часть 1)
2019-10-09 15:56,Степан,Лабораторная работа №3 (часть 1)
2019-10-09 15:56,Степан,Лабораторная работа №3 (часть 1)
2019-10-09 15:56,Олег,Лабораторная работа №3 (часть 1)
2019-10-09 15:56,Степан,Лабораторная работа №3 (часть 1)
2019-10-09 15:57,Олег,Лабораторная работа №3 (часть 1)
2019-10-09 15:57,Олег,Лабораторная работа №3 (часть 1)
2019-10-09 15:57,Олег,Лабораторная работа №3 (часть 1)
2019-10-09 15:57,Олег,Лабораторная работа №3 (часть 1)
2019-10-09 16:02,Максим,Лабораторная работа №3 (часть 2)
2019-10-09 16:03,Светлана,Лабораторная работа №3 (часть 2)
2019-10-09 16:03,Светлана,Лабораторная работа №3 (часть 1)
2019-10-09 16:08,Светлана,Лабораторная работа №3 (часть 2)
2019-10-09 16:10,Юлия,Лабораторная работа №3 (часть 2)
2019-10-09 16:28,Олег,Лабораторная работа №3 (часть 1)
2019-10-09 17:11,Олег,Лабораторная работа №3 (часть 2)
2019-10-09 17:11,Олег,Лабораторная работа №3 (часть 1)
2019-10-09 17:41,Юлия,Лабораторная работа №3 (часть 2)
2019-10-09 17:41,Юлия,Лабораторная работа №3 (часть 1)
2019-10-09 17:46,Юлия,Лабораторная работа №3 (часть 1)
2019-10-09 17:47,Юлия,Лабораторная работа №3 (часть 1)
2019-10-09 17:47,Юлия,Лабораторная работа №3 (часть 1)
2019-10-09 17:47,Юлия,Лабораторная работа №3 (часть 1)
2019-10-09 17:47,Юлия,Лабораторная работа №3 (часть 1)
2019-10-09 17:47,Юлия,Лабораторная работа №3 (часть 2)
2019-10-09 17:55,Светлана,Лабораторная работа №3 (часть 2)
2019-10-09 17:55,Кирилл,Лабораторная работа №3 (часть 2)
2019-10-09 17:55,Кирилл,Лабораторная работа №3 (часть 2)
2019-10-09 17:56,Юлия,Лабораторная работа №3 (часть 2)
2019-10-09 17:56,Юлия,Лабораторная работа №3 (часть 2)
2019-10-09 17:56,Юлия,Лабораторная работа №3 (часть 2)
2019-10-09 17:56,Светлана,Лабораторная работа №3 (часть 2)
2019-10-09 17:56,Юлия,Лабораторная работа №3 (часть 2)
2019-10-09 17:56,Кирилл,Лабораторная работа №3 (часть 2)
2019-10-09 17:56,Кирилл,Лабораторная работа №3 (часть 2)
2019-10-09 17:56,Кирилл,Лабораторная работа №3 (часть 2)
2019-10-09 17:56,Юлия,Лабораторная работа №3 (часть 2)
2019-10-09 17:56,Кирилл,Лабораторная работа №3 (часть 2)
2019-10-09 17:57,Светлана,Лабораторная работа №3 (часть 2)
2019-10-09 17:57,Светлана,Лабораторная работа №3 (часть 2)
2019-10-09 17:57,Светлана,Лабораторная работа №3 (часть 2)
2019-10-09 17:57,Светлана,Лабораторная работа №3 (часть 2)
2019-10-09 18:00,Олег,Лабораторная работа №3 (часть 2)
2019-10-09 18:00,Олег,Лабораторная работа №3 (часть 2)
2019-10-09 18:00,Олег,Лабораторная работа №3 (часть 2)
2019-10-09 18:00,Степан,Лабораторная работа №3 (часть 2)
2019-10-09 18:00,Олег,Лабораторная работа №3 (часть 2)
2019-10-09 18:00,Олег,Лабораторная работа №3 (часть 2)
2019-10-09 18:01,Максим,Лабораторная работа №3 (часть 1)
2019-10-09 18:01,Максим,Лабораторная работа №3 (часть 1)
2019-10-09 18:01,Максим,Лабораторная работа №3 (часть 1)
2019-10-09 18:01,Максим,Лабораторная работа №3 (часть 1)
2019-10-09 18:01,Максим,Лабораторная работа №3 (часть 1)
2019-10-09 18:01,Максим,Лабораторная работа №3 (часть 1)
2019-10-09 18:01,Максим,Лабораторная работа №3 (часть 2)
2019-10-09 18:01,Степан,Лабораторная работа №3 (часть 2)
2019-10-09 18:01,Максим,Лабораторная работа №3 (часть 2)
2019-10-09 18:01,Максим,Лабораторная работа №3 (часть 2)
2019-10-09 18:01,Степан,Лабораторная работа №3 (часть 2)
2019-10-09 18:01,Степан,Лабораторная работа №3 (часть 2)
2019-10-09 18:01,Степан,Лабораторная работа №3 (часть 2)
2019-10-09 18:01,Максим,Лабораторная работа №3 (часть 2)
2019-10-09 18:01,Максим,Лабораторная работа №3 (часть 2)
2019-10-09 18:02,Екатерина,Лабораторная работа №3 (часть 2)
2019-10-09 18:02,Екатерина,Лабораторная работа №3 (часть 2)
2019-10-09 18:02,Екатерина,Лабораторная работа №3 (часть 2)
2019-10-09 18:02,Екатерина,Лабораторная работа №3 (часть 2)
2019-10-09 18:02,Екатерина,Лабораторная работа №3 (часть 2)
2019-10-09 18:02,Екатерина,Лабораторная работа №3 (часть 1)
2019-10-09 18:02,Екатерина,Лабораторная работа №3 (часть 1)
2019-10-09 18:02,Екатерина,Лабораторная работа №3 (часть 1)
2019-10-09 18:02,Екатерина,Лабораторная работа №3 (часть 1)
2019-10-09 18:02,Екатерина,Лабораторная работа №3 (часть 1)
2019-10-09 18:02,Екатерина,Лабораторная работа №3 (часть 1)
2019-10-09 18:02,Екатерина,Лабораторная работа №3 (часть 2)
2019-10-09 18:03,Дмитрий,Лабораторная работа №3 (часть 2)
2019-10-09 18:03,Дмитрий,Лабораторная работа №3 (часть 2)
2019-10-09 18:03,Дмитрий,Лабораторная работа №3 (часть 2)
2019-10-09 18:03,Дмитрий,Лабораторная работа №3 (часть 2)
2019-10-09 18:03,Дмитрий,Лабораторная работа №3 (часть 2)
2019-10-09 18:03,Дмитрий,Лабораторная работа №3 (часть 2)
2019-10-09 18:03,Дмитрий,Лабораторная работа №3 (часть 1)
2019-10-09 18:03,Дмитрий,Лабораторная работа №3 (часть 1)
2019-10-09 18:03,Дмитрий,Лабораторная работа №3 (часть 1)
2019-10-09 18:03,Дмитрий,Лабораторная работа №3 (часть 1)
2019-10-09 18:03,Дмитрий,Лабораторная работа №3 (часть 1)
2019-10-09 18:03,Дмитрий,Лабораторная работа №3 (часть 1)
2019-10-09 18:03,Дмитрий,Лабораторная работа №3 (часть 2)
2019-10-09 18:04,Дмитрий,Лабораторная работа №3 (часть 2)
2019-10-09 18:41,Надежда,Лабораторная работа №3 (часть 1)
2019-10-09 18:42,Надежда,Лабораторная работа №3 (часть 2)
2019-10-09 18:42,Надежда,Лабораторная работа №3 (часть 2)
2019-10-09 18:42,Надежда,Лабораторная работа №3 (часть 2)
2019-10-09 18:42,Надежда,Лабораторная работа №3 (часть 2)
2019-10-09 18:42,Надежда,Лабораторная работа №3 (часть 2)
2019-10-09 18:42,Надежда,Лабораторная работа №3 (часть 1)
2019-10-09 18:42,Надежда,Лабораторная работа №3 (часть 1)
2019-10-09 18:42,Надежда,Лабораторная работа №3 (часть 1)
2019-10-09 18:42,Надежда,Лабораторная работа №3 (часть 1)
2019-10-09 18:42,Надежда,Лабораторная работа №3 (часть 1)
2019-10-09 18:42,Надежда,Лабораторная работа №3 (часть 2)
2019-10-09 20:27,Екатерина,Лабораторная работа №3 (часть 1)
2019-10-09 20:27,Екатерина,Лабораторная работа №3 (часть 2)
2019-10-09 22:03,Светлана,Лабораторная работа №3 (часть 1)
2019-10-09 22:03,Светлана,Лабораторная работа №3 (часть 1)
2019-10-10 18:07,Светлана,Лабораторная работа №3 (часть 1)
2019-10-10 18:07,Светлана,Лабораторная работа №3 (часть 1)
2019-10-10 18:07,Светлана,Лабораторная работа №3 (часть 1)
2019-10-10 18:07,Светлана,Лабораторная работа №3 (часть 1)
2019-10-10 18:07,Светлана,Лабораторная работа №3 (часть 1)
2019-10-10 18:07,Светлана,Лабораторная работа №3 (часть 1)
2019-10-11 20:46,Кирилл,Лабораторная работа №1. Python
2019-10-11 20:46,Кирилл,Самостоятельная работа №1. Задачи анализа данных и типы данных
2019-10-14 16:11,Максим,Лабораторная работа №3 (часть 1)
2019-10-15 09:27,Дмитрий,Лабораторная работа №3 (часть 1)
2019-10-15 09:28,Дмитрий,Лабораторная работа №3 (часть 2)
2019-10-17 11:04,Екатерина,Лабораторная работа №3 (часть 2)
2019-10-17 11:04,Екатерина,Самостоятельная работа №1. Задачи анализа данных и типы данных
2019-10-17 11:04,Екатерина,Лабораторная работа №3 (часть 2)
2019-10-18 17:49,Екатерина,Лабораторная работа №4. Регрессия
2019-10-18 17:49,Екатерина,Лабораторная работа №4. Регрессия
2019-10-18 17:50,Екатерина,Лабораторная работа №3 (часть 2)
2019-10-21 18:30,Кирилл,Лабораторная работа №4. Регрессия
2019-10-23 15:15,Максим,Лабораторная работа №3 (часть 1)
2019-10-23 15:15,Максим,Лабораторная работа №4. Регрессия
2019-10-23 15:18,Светлана,Лабораторная работа №3 (часть 1)
2019-10-23 15:18,Светлана,Лабораторная работа №4. Регрессия
2019-10-23 15:18,Юлия,Лабораторная работа №4. Регрессия
2019-10-23 15:18,Кирилл,Лабораторная работа №4. Регрессия
2019-10-23 15:18,Степан,Лабораторная работа №4. Регрессия
2019-10-23 15:19,Степан,Лабораторная работа №4. Регрессия
2019-10-23 15:19,Максим,Лабораторная работа №4. Регрессия
2019-10-23 15:22,Олег,Лабораторная работа №4. Регрессия
2019-10-23 15:55,Максим,Лабораторная работа №4. Регрессия
2019-10-23 17:36,Кирилл,Лабораторная работа №1. Python
2019-10-23 17:37,Кирилл,Лабораторная работа №2. Линейная алгебра и библиотека numpy
2019-10-23 18:14,Кирилл,Лабораторная работа №4. Регрессия
2019-10-23 18:17,Юлия,Лабораторная работа №4. Регрессия
2019-10-23 18:18,Максим,Лабораторная работа №4. Регрессия
2019-10-23 18:18,Юлия,Лабораторная работа №4. Регрессия
2019-10-23 18:18,Юлия,Лабораторная работа №4. Регрессия
2019-10-23 18:18,Юлия,Лабораторная работа №4. Регрессия
2019-10-23 18:18,Кирилл,Лабораторная работа №4. Регрессия
2019-10-23 18:18,Кирилл,Лабораторная работа №4. Регрессия
2019-10-23 18:18,Юлия,Лабораторная работа №4. Регрессия
2019-10-23 18:18,Кирилл,Лабораторная работа №4. Регрессия
2019-10-23 18:18,Кирилл,Лабораторная работа №4. Регрессия
2019-10-23 18:19,Светлана,Лабораторная работа №4. Регрессия
2019-10-23 18:20,Степан,Лабораторная работа №4. Регрессия
2019-10-23 18:20,Олег,Лабораторная работа №4. Регрессия
2019-10-23 18:20,Светлана,Лабораторная работа №4. Регрессия
2019-10-23 18:20,Светлана,Лабораторная работа №4. Регрессия
2019-10-23 18:20,Светлана,Лабораторная работа №4. Регрессия
2019-10-23 18:20,Светлана,Лабораторная работа №4. Регрессия
2019-10-23 18:21,Светлана,Лабораторная работа №4. Регрессия
2019-10-23 18:21,Степан,Лабораторная работа №4. Регрессия
2019-10-23 18:21,Степан,Лабораторная работа №4. Регрессия
2019-10-23 18:21,Степан,Лабораторная работа №4. Регрессия
2019-10-23 18:21,Степан,Лабораторная работа №4. Регрессия
2019-10-23 18:21,Максим,Лабораторная работа №4. Регрессия
2019-10-23 18:21,Степан,Лабораторная работа №4. Регрессия
2019-10-23 18:21,Олег,Лабораторная работа №4. Регрессия
2019-10-23 18:21,Олег,Лабораторная работа №4. Регрессия
2019-10-23 18:21,Олег,Лабораторная работа №4. Регрессия
2019-10-23 18:21,Максим,Лабораторная работа №4. Регрессия
2019-10-23 18:21,Максим,Лабораторная работа №4. Регрессия
2019-10-23 18:21,Максим,Лабораторная работа №4. Регрессия
2019-10-23 18:21,Максим,Лабораторная работа №4. Регрессия
2019-10-23 18:21,Олег,Лабораторная работа №4. Регрессия
2019-10-23 18:22,Екатерина,Лабораторная работа №4. Регрессия
2019-10-23 18:22,Екатерина,Лабораторная работа №4. Регрессия
2019-10-23 18:22,Екатерина,Лабораторная работа №4. Регрессия
2019-10-23 18:22,Екатерина,Лабораторная работа №4. Регрессия
2019-10-23 18:22,Екатерина,Лабораторная работа №4. Регрессия
2019-10-23 18:22,Екатерина,Лабораторная работа №4. Регрессия
2019-10-23 18:23,Дмитрий,Лабораторная работа №4. Регрессия
2019-10-23 18:23,Дмитрий,Лабораторная работа №4. Регрессия
2019-10-23 18:23,Дмитрий,Лабораторная работа №4. Регрессия
2019-10-23 18:23,Дмитрий,Лабораторная работа №4. Регрессия
2019-10-23 18:23,Дмитрий,Лабораторная работа №4. Регрессия
2019-10-23 18:23,Дмитрий,Лабораторная работа №4. Регрессия
2019-10-25 23:01,Степан,Самостоятельная работа №1. Задачи анализа данных и типы данных
2019-10-25 23:01,Степан,Лабораторная работа №2. Линейная алгебра и библиотека numpy
2019-10-25 23:01,Степан,Лабораторная работа №4. Регрессия
2019-11-05 22:44,Светлана,Лабораторная работа №4. Регрессия
2019-11-06 15:14,Светлана,Лабораторная работа №5 (часть 1)
2019-11-06 15:16,Юлия,Лабораторная работа №5 (часть 1)
2019-11-06 15:17,Юлия,Лабораторная работа №4. Регрессия
2019-11-06 15:17,Кирилл,Лабораторная работа №5 (часть 1)
2019-11-06 15:20,Степан,Лабораторная работа №4. Регрессия
2019-11-06 15:20,Степан,Лабораторная работа №5 (часть 1)
2019-11-06 15:23,Олег,Лабораторная работа №5 (часть 1)
2019-11-06 15:23,Степан,Тест 5. Классификация
2019-11-06 15:25,Максим,Лабораторная работа №5 (часть 1)
2019-11-06 15:26,Максим,Тест 5. Классификация
2019-11-06 15:27,Кирилл,Лабораторная работа №5 (часть 1)
2019-11-06 15:28,Светлана,Лабораторная работа №5 (часть 1)
2019-11-06 15:57,Кирилл,Тест 5. Классификация
2019-11-06 16:09,Светлана,Лабораторная работа №5 (часть 1)
2019-11-06 16:09,Светлана,Лабораторная работа №4. Регрессия
2019-11-06 16:09,Светлана,Лабораторная работа №5 (часть 1)
2019-11-06 16:10,Юлия,Лабораторная работа №5 (часть 1)
2019-11-06 16:10,Юлия,Лабораторная работа №5 (часть 1)
2019-11-06 16:10,Степан,Лабораторная работа №5 (часть 1)
2019-11-06 16:10,Юлия,Лабораторная работа №5 (часть 1)
2019-11-06 16:10,Юлия,Лабораторная работа №5 (часть 1)
2019-11-06 16:10,Кирилл,Лабораторная работа №5 (часть 1)
2019-11-06 16:10,Светлана,Лабораторная работа №5 (часть 1)
2019-11-06 16:10,Кирилл,Лабораторная работа №5 (часть 1)
2019-11-06 16:10,Светлана,Лабораторная работа №5 (часть 1)
2019-11-06 16:10,Кирилл,Лабораторная работа №5 (часть 1)
2019-11-06 16:10,Светлана,Лабораторная работа №5 (часть 1)
2019-11-06 16:10,Светлана,Лабораторная работа №5 (часть 1)
2019-11-06 16:10,Кирилл,Лабораторная работа №5 (часть 1)
2019-11-06 16:10,Степан,Лабораторная работа №5 (часть 1)
2019-11-06 16:10,Степан,Лабораторная работа №5 (часть 1)
2019-11-06 16:10,Степан,Лабораторная работа №5 (часть 1)
2019-11-06 16:10,Олег,Лабораторная работа №5 (часть 1)
2019-11-06 16:10,Олег,Лабораторная работа №5 (часть 1)
2019-11-06 16:10,Олег,Лабораторная работа №5 (часть 1)
2019-11-06 16:10,Олег,Лабораторная работа №5 (часть 1)
2019-11-06 16:10,Кирилл,Лабораторная работа №5 (часть 1)
2019-11-06 16:10,Кирилл,Лабораторная работа №5 (часть 1)
2019-11-06 16:10,Степан,Лабораторная работа №5 (часть 1)
2019-11-06 16:10,Степан,Лабораторная работа №5 (часть 1)
2019-11-06 16:10,Олег,Лабораторная работа №5 (часть 1)
2019-11-06 16:10,Юлия,Лабораторная работа №5 (часть 1)
2019-11-06 16:10,Степан,Лабораторная работа №5 (часть 1)
2019-11-06 16:11,Кирилл,Лабораторная работа №5 (часть 1)
2019-11-06 16:11,Кирилл,Лабораторная работа №5 (часть 2)
2019-11-06 16:11,Юлия,Лабораторная работа №5 (часть 2)
2019-11-06 16:11,Светлана,Лабораторная работа №5 (часть 2)
2019-11-06 16:11,Степан,Лабораторная работа №5 (часть 2)
2019-11-06 16:11,Олег,Лабораторная работа №5 (часть 2)
2019-11-06 16:11,Кирилл,Лабораторная работа №5 (часть 1)
2019-11-06 16:12,Максим,Лабораторная работа №5 (часть 2)
2019-11-06 16:15,Максим,Лабораторная работа №5 (часть 1)
2019-11-06 16:15,Максим,Лабораторная работа №5 (часть 1)
2019-11-06 16:28,Максим,Лабораторная работа №5 (часть 2)
2019-11-06 16:30,Степан,Лабораторная работа №5 (часть 2)
2019-11-06 16:38,Степан,Лабораторная работа №3 (часть 1)
2019-11-06 16:38,Кирилл,Лабораторная работа №4. Регрессия
2019-11-06 16:38,Степан,Лабораторная работа №2. Линейная алгебра и библиотека numpy
2019-11-06 17:08,Максим,Лабораторная работа №5 (часть 1)
2019-11-06 17:08,Максим,Лабораторная работа №5 (часть 1)
2019-11-06 17:36,Юлия,Лабораторная работа №5 (часть 2)
2019-11-06 17:36,Светлана,Лабораторная работа №5 (часть 2)
2019-11-06 17:37,Светлана,Лабораторная работа №5 (часть 1)
2019-11-06 17:37,Светлана,Лабораторная работа №5 (часть 2)
2019-11-06 17:37,Светлана,Лабораторная работа №5 (часть 2)
2019-11-06 17:37,Светлана,Лабораторная работа №5 (часть 2)
2019-11-06 17:37,Светлана,Лабораторная работа №5 (часть 2)
2019-11-06 17:37,Светлана,Лабораторная работа №5 (часть 2)
2019-11-06 17:40,Юлия,Лабораторная работа №5 (часть 2)
2019-11-06 17:40,Юлия,Лабораторная работа №5 (часть 2)
2019-11-06 17:40,Юлия,Лабораторная работа №5 (часть 2)
2019-11-06 17:40,Юлия,Лабораторная работа №5 (часть 2)
2019-11-06 17:40,Кирилл,Лабораторная работа №5 (часть 2)
2019-11-06 17:40,Кирилл,Лабораторная работа №5 (часть 2)
2019-11-06 17:41,Олег,Лабораторная работа №5 (часть 2)
2019-11-06 17:41,Олег,Лабораторная работа №5 (часть 2)
2019-11-06 17:41,Олег,Лабораторная работа №5 (часть 2)
2019-11-06 17:41,Максим,Лабораторная работа №5 (часть 1)
2019-11-06 17:41,Олег,Лабораторная работа №5 (часть 2)
2019-11-06 17:41,Кирилл,Лабораторная работа №5 (часть 2)
2019-11-06 17:41,Кирилл,Лабораторная работа №5 (часть 2)
2019-11-06 17:41,Кирилл,Лабораторная работа №5 (часть 2)
2019-11-06 17:41,Кирилл,Лабораторная работа №5 (часть 2)
2019-11-06 17:41,Олег,Лабораторная работа №5 (часть 2)
2019-11-06 17:42,Максим,Лабораторная работа №5 (часть 2)
2019-11-06 17:42,Максим,Лабораторная работа №5 (часть 2)
2019-11-06 17:42,Степан,Лабораторная работа №5 (часть 2)
2019-11-06 17:42,Степан,Лабораторная работа №5 (часть 2)
2019-11-06 17:42,Степан,Лабораторная работа №5 (часть 2)
2019-11-06 17:42,Максим,Лабораторная работа №5 (часть 1)
2019-11-06 17:42,Максим,Лабораторная работа №5 (часть 1)
2019-11-06 17:42,Максим,Лабораторная работа №5 (часть 1)
2019-11-06 17:42,Максим,Лабораторная работа №5 (часть 1)
2019-11-06 17:42,Степан,Лабораторная работа №5 (часть 2)
2019-11-06 17:42,Степан,Лабораторная работа №5 (часть 2)
2019-11-06 17:42,Степан,Лабораторная работа №5 (часть 2)
2019-11-06 17:43,Максим,Лабораторная работа №5 (часть 2)
2019-11-06 17:43,Максим,Лабораторная работа №5 (часть 2)
2019-11-06 17:43,Максим,Лабораторная работа №5 (часть 2)
2019-11-06 17:43,Максим,Лабораторная работа №5 (часть 2)
2019-11-07 00:12,Екатерина,Лабораторная работа №5 (часть 2)
2019-11-07 00:12,Екатерина,Лабораторная работа №5 (часть 2)
2019-11-07 00:12,Екатерина,Лабораторная работа №5 (часть 2)
2019-11-07 00:12,Екатерина,Лабораторная работа №5 (часть 2)
2019-11-07 00:12,Екатерина,Лабораторная работа №5 (часть 2)
2019-11-07 00:12,Екатерина,Лабораторная работа №5 (часть 2)
2019-11-07 00:12,Екатерина,Лабораторная работа №5 (часть 1)
2019-11-07 00:12,Екатерина,Лабораторная работа №5 (часть 1)
2019-11-07 00:12,Екатерина,Лабораторная работа №5 (часть 1)
2019-11-07 00:12,Екатерина,Лабораторная работа №5 (часть 1)
2019-11-07 00:12,Екатерина,Лабораторная работа №5 (часть 1)
2019-11-07 00:12,Екатерина,Лабораторная работа №5 (часть 1)
2019-11-07 00:15,Дмитрий,Лабораторная работа №5 (часть 2)
2019-11-07 00:15,Дмитрий,Лабораторная работа №5 (часть 2)
2019-11-07 00:15,Дмитрий,Лабораторная работа №5 (часть 2)
2019-11-07 00:15,Дмитрий,Лабораторная работа №5 (часть 2)
2019-11-07 00:15,Дмитрий,Лабораторная работа №5 (часть 2)
2019-11-07 00:15,Дмитрий,Лабораторная работа №5 (часть 1)
2019-11-07 00:15,Дмитрий,Лабораторная работа №5 (часть 1)
2019-11-07 00:15,Дмитрий,Лабораторная работа №5 (часть 1)
2019-11-07 00:15,Дмитрий,Лабораторная работа №5 (часть 2)
2019-11-07 00:15,Дмитрий,Лабораторная работа №5 (часть 1)
2019-11-07 00:15,Дмитрий,Лабораторная работа №5 (часть 1)
2019-11-07 00:15,Дмитрий,Лабораторная работа №5 (часть 1)
2019-11-07 08:02,Екатерина,Лабораторная работа №4. Регрессия
2019-11-07 22:40,Степан,Лабораторная работа №5 (часть 2)
2019-11-07 22:41,Степан,Лабораторная работа №4. Регрессия
2019-11-07 22:41,Степан,Лабораторная работа №3 (часть 2)
2019-11-11 22:47,Светлана,Лабораторная работа №5 (часть 1)
2019-11-11 22:51,Светлана,Самостоятельная работа №2. Установка Anaconda
2019-11-11 22:51,Дмитрий,Лабораторная работа №5 (часть 1)
2019-11-11 22:51,Дмитрий,Лабораторная работа №4. Регрессия
2019-11-20 15:19,Юлия,Лабораторная работа №4. Регрессия
2019-11-20 15:21,Кирилл,Тест 4. Регрессия
2019-11-20 15:22,Дмитрий,Лабораторная работа №4. Регрессия
2019-11-20 15:22,Кирилл,Лабораторная работа №4. Регрессия
2019-11-20 15:22,Степан,Лабораторная работа №5 (часть 2)
2019-11-20 15:22,Надежда,Лабораторная работа №4. Регрессия
2019-11-20 15:22,Екатерина,Лабораторная работа №4. Регрессия
2019-11-20 15:22,Степан,Лабораторная работа №4. Регрессия
2019-11-20 15:22,Максим,Лабораторная работа №4. Регрессия
2019-11-20 15:24,Светлана,Лабораторная работа №6. Разработка системы анализа данных
2019-11-20 15:24,Юлия,Лабораторная работа №6. Разработка системы анализа данных
2019-11-20 15:24,Юлия,Лабораторная работа №6. Разработка системы анализа данных
2019-11-20 15:24,Кирилл,Лабораторная работа №6. Разработка системы анализа данных
2019-11-20 15:24,Максим,Лабораторная работа №4. Регрессия
2019-11-20 15:24,Кирилл,Лабораторная работа №6. Разработка системы анализа данных
2019-11-20 15:25,Степан,Лабораторная работа №6. Разработка системы анализа данных
2019-11-20 15:29,Степан,Лабораторная работа №4. Регрессия
2019-11-20 15:29,Надежда,Лабораторная работа №4. Регрессия
2019-11-20 15:32,Надежда,Лабораторная работа №4. Регрессия
2019-11-20 15:32,Надежда,Лабораторная работа №4. Регрессия
2019-11-20 15:32,Надежда,Лабораторная работа №4. Регрессия
2019-11-20 15:32,Надежда,Лабораторная работа №4. Регрессия
2019-11-20 15:32,Надежда,Лабораторная работа №4. Регрессия
2019-11-20 15:36,Юлия,Лабораторная работа №4. Регрессия
2019-11-20 17:36,Светлана,Лабораторная работа №6. Разработка системы анализа данных
2019-11-20 17:37,Светлана,Лабораторная работа №6. Разработка системы анализа данных
2019-11-20 17:37,Светлана,Лабораторная работа №6. Разработка системы анализа данных
2019-11-20 17:37,Светлана,Лабораторная работа №6. Разработка системы анализа данных
2019-11-20 17:37,Светлана,Лабораторная работа №6. Разработка системы анализа данных
2019-11-20 17:37,Светлана,Лабораторная работа №6. Разработка системы анализа данных
2019-11-20 17:38,Светлана,Лабораторная работа №6. Разработка системы анализа данных
2019-11-20 17:38,Светлана,Лабораторная работа №6. Разработка системы анализа данных
2019-11-20 17:38,Светлана,Лабораторная работа №6. Разработка системы анализа данных
2019-11-20 17:38,Светлана,Лабораторная работа №6. Разработка системы анализа данных
2019-11-20 17:38,Светлана,Лабораторная работа №6. Разработка системы анализа данных
2019-11-20 17:38,Светлана,Лабораторная работа №6. Разработка системы анализа данных
2019-11-20 17:38,Светлана,Лабораторная работа №6. Разработка системы анализа данных
2019-11-20 17:38,Максим,Лабораторная работа №6. Разработка системы анализа данных
2019-11-20 17:38,Максим,Лабораторная работа №6. Разработка системы анализа данных
2019-11-20 17:38,Светлана,Лабораторная работа №6. Разработка системы анализа данных
2019-11-20 17:38,Светлана,Лабораторная работа №6. Разработка системы анализа данных
2019-11-20 17:38,Светлана,Лабораторная работа №6. Разработка системы анализа данных
2019-11-20 17:38,Юлия,Лабораторная работа №6. Разработка системы анализа данных
2019-11-20 17:39,Кирилл,Лабораторная работа №6. Разработка системы анализа данных
2019-11-20 17:39,Максим,Лабораторная работа №6. Разработка системы анализа данных
2019-11-20 17:39,Максим,Лабораторная работа №6. Разработка системы анализа данных
2019-11-20 17:39,Максим,Лабораторная работа №6. Разработка системы анализа данных
2019-11-20 17:39,Максим,Лабораторная работа №6. Разработка системы анализа данных
2019-11-20 17:39,Максим,Лабораторная работа №6. Разработка системы анализа данных
2019-11-20 17:39,Максим,Лабораторная работа №6. Разработка системы анализа данных
2019-11-20 17:39,Кирилл,Лабораторная работа №6. Разработка системы анализа данных
2019-11-20 17:40,Юлия,Лабораторная работа №6. Разработка системы анализа данных
2019-11-20 17:40,Юлия,Лабораторная работа №6. Разработка системы анализа данных
2019-11-20 17:40,Юлия,Лабораторная работа №6. Разработка системы анализа данных
2019-11-20 17:40,Юлия,Лабораторная работа №6. Разработка системы анализа данных
2019-11-20 17:40,Юлия,Лабораторная работа №6. Разработка системы анализа данных
2019-11-20 17:40,Юлия,Лабораторная работа №6. Разработка системы анализа данных
2019-11-20 17:42,Степан,Лабораторная работа №6. Разработка системы анализа данных
2019-11-20 17:42,Степан,Лабораторная работа №6. Разработка системы анализа данных
2019-11-20 17:42,Степан,Лабораторная работа №6. Разработка системы анализа данных
2019-11-20 17:42,Степан,Лабораторная работа №6. Разработка системы анализа данных
2019-11-20 17:42,Кирилл,Лабораторная работа №6. Разработка системы анализа данных
2019-11-20 17:42,Степан,Лабораторная работа №6. Разработка системы анализа данных
2019-11-20 17:42,Кирилл,Лабораторная работа №6. Разработка системы анализа данных
2019-11-20 17:42,Степан,Лабораторная работа №6. Разработка системы анализа данных
2019-11-20 17:42,Кирилл,Лабораторная работа №6. Разработка системы анализа данных
2019-11-20 17:42,Кирилл,Лабораторная работа №6. Разработка системы анализа данных
2019-11-20 17:42,Кирилл,Лабораторная работа №6. Разработка системы анализа данных
2019-11-20 17:42,Дмитрий,Лабораторная работа №6. Разработка системы анализа данных
2019-11-20 17:42,Дмитрий,Лабораторная работа №6. Разработка системы анализа данных
2019-11-20 17:42,Степан,Лабораторная работа №6. Разработка системы анализа данных
2019-11-20 17:42,Степан,Лабораторная работа №6. Разработка системы анализа данных
2019-11-20 17:42,Кирилл,Лабораторная работа №6. Разработка системы анализа данных
2019-11-20 17:43,Екатерина,Лабораторная работа №6. Разработка системы анализа данных
2019-11-20 17:43,Екатерина,Лабораторная работа №6. Разработка системы анализа данных
2019-11-20 17:44,Олег,Лабораторная работа №6. Разработка системы анализа данных
2019-11-20 17:44,Екатерина,Лабораторная работа №6. Разработка системы анализа данных
2019-11-20 17:44,Екатерина,Лабораторная работа №6. Разработка системы анализа данных
2019-11-20 17:44,Олег,Лабораторная работа №6. Разработка системы анализа данных
2019-11-20 17:44,Екатерина,Лабораторная работа №6. Разработка системы анализа данных
2019-11-20 17:44,Екатерина,Лабораторная работа №6. Разработка системы анализа данных
2019-11-20 17:44,Екатерина,Лабораторная работа №6. Разработка системы анализа данных
2019-11-20 17:44,Екатерина,Лабораторная работа №6. Разработка системы анализа данных
2019-11-20 17:45,Олег,Лабораторная работа №6. Разработка системы анализа данных
2019-11-20 17:45,Олег,Лабораторная работа №6. Разработка системы анализа данных
2019-11-20 17:45,Олег,Лабораторная работа №6. Разработка системы анализа данных
2019-11-20 17:45,Олег,Лабораторная работа №6. Разработка системы анализа данных
2019-11-20 17:45,Олег,Лабораторная работа №6. Разработка системы анализа данных
2019-11-20 17:45,Олег,Лабораторная работа №6. Разработка системы анализа данных
2019-11-20 17:46,Степан,Лабораторная работа №6. Разработка системы анализа данных
2019-11-20 17:46,Степан,Лабораторная работа №6. Разработка системы анализа данных
2019-11-20 17:46,Степан,Лабораторная работа №6. Разработка системы анализа данных
2019-11-20 17:46,Степан,Лабораторная работа №6. Разработка системы анализа данных
2019-11-20 17:46,Степан,Лабораторная работа №6. Разработка системы анализа данных
2019-11-20 17:46,Степан,Лабораторная работа №6. Разработка системы анализа данных
2019-11-20 17:46,Степан,Лабораторная работа №6. Разработка системы анализа данных
2019-11-20 17:46,Степан,Лабораторная работа №6. Разработка системы анализа данных
2019-11-20 17:47,Дмитрий,Лабораторная работа №6. Разработка системы анализа данных
2019-11-20 17:47,Дмитрий,Лабораторная работа №6. Разработка системы анализа данных
2019-11-20 17:47,Дмитрий,Лабораторная работа №6. Разработка системы анализа данных
2019-11-20 17:47,Дмитрий,Лабораторная работа №6. Разработка системы анализа данных
2019-11-20 17:47,Дмитрий,Лабораторная работа №6. Разработка системы анализа данных
2019-11-20 17:47,Дмитрий,Лабораторная работа №6. Разработка системы анализа данных
2019-11-22 09:52,Максим,Лабораторная работа №6. Разработка системы анализа данных
2019-11-22 10:09,Надежда,Лабораторная работа №5 (часть 1)
2019-11-22 10:09,Надежда,Лабораторная работа №6. Разработка системы анализа данных
2019-11-22 10:09,Надежда,Лабораторная работа №4. Регрессия
2019-11-22 10:09,Надежда,Лабораторная работа №5 (часть 2)
2019-11-22 10:09,Надежда,Лабораторная работа №4. Регрессия
2019-11-22 10:10,Надежда,Лабораторная работа №6. Разработка системы анализа данных
2019-11-22 10:11,Надежда,Лабораторная работа №6. Разработка системы анализа данных
2019-11-22 10:11,Надежда,Лабораторная работа №6. Разработка системы анализа данных
2019-11-22 10:11,Надежда,Лабораторная работа №6. Разработка системы анализа данных
2019-11-22 10:11,Надежда,Лабораторная работа №6. Разработка системы анализа данных
2019-11-22 10:11,Надежда,Лабораторная работа №6. Разработка системы анализа данных
2019-11-22 10:11,Надежда,Лабораторная работа №6. Разработка системы анализа данных
2019-11-22 14:50,Светлана,Лабораторная работа №6. Разработка системы анализа данных
2019-11-24 21:51,Кирилл,Самостоятельная работа №2. Установка Anaconda
2019-11-27 19:20,Кирилл,Самостоятельная работа №2. Установка Anaconda
2019-11-27 19:20,Кирилл,Лабораторная работа №2. Линейная алгебра и библиотека numpy
2019-11-27 19:20,Кирилл,Лабораторная работа №1. Python
2019-11-27 20:03,Кирилл,Самостоятельная работа №2. Установка Anaconda
2019-11-27 20:17,Кирилл,Лабораторная работа №3 (часть 1)
2019-11-27 20:27,Кирилл,Лабораторная работа №2. Линейная алгебра и библиотека numpy
2019-11-27 20:27,Кирилл,Лабораторная работа №4. Регрессия
2019-11-27 22:33,Кирилл,Лабораторная работа №4. Регрессия
2019-11-29 21:57,Светлана,Лабораторная работа №7. Разработка системы анализа данных (индивидуальный проект)
2019-11-29 21:57,Светлана,Лабораторная работа №7. Разработка системы анализа данных (индивидуальный проект)
2019-12-04 14:06,Светлана,Лабораторная работа №6. Разработка системы анализа данных
2019-12-04 14:07,Светлана,Лабораторная работа №7. Разработка системы анализа данных (индивидуальный проект)
2019-12-04 14:09,Светлана,Лабораторная работа №7. Разработка системы анализа данных (индивидуальный проект)
2019-12-04 14:09,Юлия,Лабораторная работа №7. Разработка системы анализа данных (индивидуальный проект)
2019-12-04 14:09,Юлия,Лабораторная работа №5 (часть 2)
2019-12-04 14:13,Екатерина,Лабораторная работа №3 (часть 1)
2019-12-04 14:16,Екатерина,Лабораторная работа №3 (часть 2)
2019-12-04 14:17,Юлия,Лабораторная работа №7. Разработка системы анализа данных (индивидуальный проект)
2019-12-04 14:17,Кирилл,Лабораторная работа №7. Разработка системы анализа данных (индивидуальный проект)
2019-12-04 14:17,Юлия,Лабораторная работа №6. Разработка системы анализа данных
2019-12-04 14:18,Дмитрий,Лабораторная работа №5 (часть 1)
2019-12-04 14:19,Светлана,Лабораторная работа №6. Разработка системы анализа данных
2019-12-04 14:20,Екатерина,Лабораторная работа №4. Регрессия
2019-12-04 14:22,Екатерина,Лабораторная работа №4. Регрессия
2019-12-04 14:41,Светлана,Лабораторная работа №7. Разработка системы анализа данных (индивидуальный проект)
2019-12-04 14:46,Кирилл,Лабораторная работа №7. Разработка системы анализа данных (индивидуальный проект)
2019-12-04 14:46,Светлана,Лабораторная работа №7. Разработка системы анализа данных (индивидуальный проект)
2019-12-04 14:46,Кирилл,Лабораторная работа №6. Разработка системы анализа данных
2019-12-04 14:48,Кирилл,Лабораторная работа №7. Разработка системы анализа данных (индивидуальный проект)
2019-12-04 14:48,Кирилл,Лабораторная работа №6. Разработка системы анализа данных
2019-12-04 14:49,Кирилл,Лабораторная работа №4. Регрессия
2019-12-04 14:51,Кирилл,Лабораторная работа №4. Регрессия
2019-12-04 14:55,Екатерина,Лабораторная работа №7. Разработка системы анализа данных (индивидуальный проект)
2019-12-04 14:59,Дмитрий,Лабораторная работа №6. Разработка системы анализа данных
2019-12-04 15:08,Екатерина,Лабораторная работа №5 (часть 1)
2019-12-04 15:08,Екатерина,Лабораторная работа №5 (часть 2)
2019-12-04 15:08,Екатерина,Лабораторная работа №5 (часть 1)
2019-12-04 15:09,Екатерина,Лабораторная работа №5 (часть 2)
2019-12-04 15:15,Юлия,Лабораторная работа №6. Разработка системы анализа данных
2019-12-04 15:15,Юлия,Лабораторная работа №5 (часть 1)
2019-12-04 15:20,Дмитрий,Лабораторная работа №5 (часть 1)
2019-12-04 15:20,Дмитрий,Лабораторная работа №5 (часть 2)
2019-12-04 15:31,Кирилл,Лабораторная работа №4. Регрессия
2019-12-04 15:32,Кирилл,Лабораторная работа №4. Регрессия
2019-12-04 15:37,Екатерина,Лабораторная работа №5 (часть 1)
2019-12-04 15:38,Екатерина,Лабораторная работа №5 (часть 2)
2019-12-04 15:39,Екатерина,Лабораторная работа №5 (часть 1)
2019-12-04 16:13,Екатерина,Лабораторная работа №4. Регрессия
2019-12-04 16:21,Кирилл,Лабораторная работа №7. Разработка системы анализа данных (индивидуальный проект)
2019-12-04 16:33,Дмитрий,Лабораторная работа №6. Разработка системы анализа данных
2019-12-04 16:33,Дмитрий,Лабораторная работа №7. Разработка системы анализа данных (индивидуальный проект)
2019-12-04 16:34,Дмитрий,Лабораторная работа №7. Разработка системы анализа данных (индивидуальный проект)
2019-12-04 16:35,Юлия,Лабораторная работа №7. Разработка системы анализа данных (индивидуальный проект)
2019-12-04 16:35,Дмитрий,Лабораторная работа №6. Разработка системы анализа данных
2019-12-04 17:11,Светлана,Лабораторная работа №7. Разработка системы анализа данных (индивидуальный проект)
2019-12-04 17:19,Светлана,Самостоятельная работа №1. Задачи анализа данных и типы данных
2019-12-04 17:26,Кирилл,Лабораторная работа №7. Разработка системы анализа данных (индивидуальный проект)
2019-12-04 17:38,Светлана,Самостоятельная работа №1. Задачи анализа данных и типы данных
2019-12-04 17:40,Кирилл,Лабораторная работа №7. Разработка системы анализа данных (индивидуальный проект)
2019-12-04 17:40,Светлана,Самостоятельная работа №2. Установка Anaconda
2019-12-04 17:40,Светлана,Лабораторная работа №1. Python
2019-12-04 17:41,Светлана,Лабораторная работа №2. Линейная алгебра и библиотека numpy
2019-12-04 17:45,Светлана,Лабораторная работа №7. Разработка системы анализа данных (индивидуальный проект)
2019-12-04 17:59,Светлана,Тест 4. Регрессия
2019-12-04 18:02,Светлана,Лабораторная работа №3 (часть 1)
2019-12-04 18:02,Светлана,Лабораторная работа №4. Регрессия
2019-12-04 18:09,Светлана,Лабораторная работа №4. Регрессия
2019-12-04 18:25,Светлана,Лабораторная работа №2. Линейная алгебра и библиотека numpy
2019-12-04 18:28,Светлана,Лабораторная работа №3 (часть 1)
2019-12-04 18:29,Светлана,Лабораторная работа №3 (часть 2)
2019-12-04 18:29,Светлана,Лабораторная работа №4. Регрессия
2019-12-07 16:12,Екатерина,Лабораторная работа №7. Разработка системы анализа данных (индивидуальный проект)
2019-12-07 16:12,Екатерина,Лабораторная работа №5 (часть 2)
2019-12-07 16:12,Екатерина,Лабораторная работа №4. Регрессия
2019-12-07 18:40,Надежда,Лабораторная работа №5 (часть 2)
2019-12-07 18:40,Надежда,Лабораторная работа №4. Регрессия
2019-12-09 10:08,Кирилл,Лабораторная работа №7. Разработка системы анализа данных (индивидуальный проект)
2019-12-09 10:09,Кирилл,Лабораторная работа №6. Разработка системы анализа данных
2019-12-09 10:13,Кирилл,Лабораторная работа №4. Регрессия
2019-12-09 13:45,Кирилл,Лабораторная работа №7. Разработка системы анализа данных (индивидуальный проект)
2019-12-09 13:46,Светлана,Лабораторная работа №7. Разработка системы анализа данных (индивидуальный проект)
2019-12-09 13:46,Кирилл,Лабораторная работа №6. Разработка системы анализа данных
2019-12-09 13:48,Дмитрий,Лабораторная работа №7. Разработка системы анализа данных (индивидуальный проект)
2019-12-09 13:50,Дмитрий,Лабораторная работа №7. Разработка системы анализа данных (индивидуальный проект)
2019-12-09 13:54,Светлана,Самостоятельная работа №1. Задачи анализа данных и типы данных
2019-12-09 13:55,Юлия,Лабораторная работа №6. Разработка системы анализа данных
2019-12-09 13:55,Юлия,Лабораторная работа №5 (часть 1)
2019-12-09 13:55,Юлия,Лабораторная работа №4. Регрессия
2019-12-09 13:56,Юлия,Лабораторная работа №5 (часть 2)
2019-12-09 13:58,Дмитрий,Лабораторная работа №5 (часть 1)
2019-12-09 14:01,Дмитрий,Лабораторная работа №5 (часть 2)
2019-12-09 14:01,Кирилл,Лабораторная работа №7. Разработка системы анализа данных (индивидуальный проект)
2019-12-09 14:04,Дмитрий,Лабораторная работа №7. Разработка системы анализа данных (индивидуальный проект)
2019-12-09 14:04,Дмитрий,Лабораторная работа №6. Разработка системы анализа данных
2019-12-09 14:06,Дмитрий,Лабораторная работа №7. Разработка системы анализа данных (индивидуальный проект)
2019-12-09 14:08,Екатерина,Лабораторная работа №7. Разработка системы анализа данных (индивидуальный проект)
2019-12-09 14:11,Кирилл,Лабораторная работа №7. Разработка системы анализа данных (индивидуальный проект)
2019-12-09 14:12,Светлана,Лабораторная работа №7. Разработка системы анализа данных (индивидуальный проект)
2019-12-09 14:12,Светлана,Лабораторная работа №6. Разработка системы анализа данных
2019-12-09 14:14,Юлия,Лабораторная работа №7. Разработка системы анализа данных (индивидуальный проект)
2019-12-09 14:19,Дмитрий,Лабораторная работа №7. Разработка системы анализа данных (индивидуальный проект)
2019-12-09 14:38,Дмитрий,Лабораторная работа №7. Разработка системы анализа данных (индивидуальный проект)
2019-12-09 14:39,Кирилл,Лабораторная работа №7. Разработка системы анализа данных (индивидуальный проект)
2019-12-09 14:40,Екатерина,Лабораторная работа №5 (часть 2)
2019-12-09 14:41,Екатерина,Лабораторная работа №4. Регрессия
2019-12-09 14:42,Екатерина,Лабораторная работа №4. Регрессия
2019-12-09 14:42,Екатерина,Лабораторная работа №7. Разработка системы анализа данных (индивидуальный проект)
2019-12-09 14:42,Екатерина,Лабораторная работа №6. Разработка системы анализа данных
2019-12-09 17:22,Екатерина,Лабораторная работа №7. Разработка системы анализа данных (индивидуальный проект)
2019-12-09 17:22,Екатерина,Лабораторная работа №6. Разработка системы анализа данных
2019-12-09 17:24,Екатерина,Лабораторная работа №7. Разработка системы анализа данных (индивидуальный проект)
2019-12-09 17:43,Екатерина,Лабораторная работа №7. Разработка системы анализа данных (индивидуальный проект)
2019-12-09 19:22,Кирилл,Лабораторная работа №7. Разработка системы анализа данных (индивидуальный проект)
2019-12-09 19:46,Кирилл,Лабораторная работа №7. Разработка системы анализа данных (индивидуальный проект)
2019-12-09 20:36,Светлана,Лабораторная работа №7. Разработка системы анализа данных (индивидуальный проект)
2019-12-09 22:31,Кирилл,Лабораторная работа №7. Разработка системы анализа данных (индивидуальный проект)
2019-12-10 09:48,Кирилл,Лабораторная работа №7. Разработка системы анализа данных (индивидуальный проект)
2019-12-10 09:54,Кирилл,Лабораторная работа №3 (часть 2)
2019-12-10 10:28,Кирилл,Лабораторная работа №1. Python
2019-12-10 10:28,Кирилл,Самостоятельная работа №1. Задачи анализа данных и типы данных
2019-12-10 10:31,Кирилл,Лабораторная работа №2. Линейная алгебра и библиотека numpy
2019-12-10 10:46,Кирилл,Лабораторная работа №3 (часть 2)
2019-12-10 11:02,Кирилл,Лабораторная работа №2. Линейная алгебра и библиотека numpy
2019-12-10 11:21,Надежда,Лабораторная работа №5 (часть 2)
2019-12-10 18:01,Кирилл,Лабораторная работа №7. Разработка системы анализа данных (индивидуальный проект)
2019-12-11 02:48,Надежда,Лабораторная работа №5 (часть 2)
2019-12-13 16:54,Кирилл,Лабораторная работа №3 (часть 2)
2019-12-13 16:55,Кирилл,Лабораторная работа №4. Регрессия
2019-12-13 16:55,Кирилл,Лабораторная работа №4. Регрессия
2019-12-13 16:55,Кирилл,Тест 4. Регрессия
2019-12-13 16:56,Кирилл,Лабораторная работа №2. Линейная алгебра и библиотека numpy
2019-12-13 16:56,Кирилл,Лабораторная работа №7. Разработка системы анализа данных (индивидуальный проект)
2019-12-14 14:22,Надежда,Лабораторная работа №7. Разработка системы анализа данных (индивидуальный проект)
2019-12-14 16:33,Светлана,Самостоятельная работа №1. Задачи анализа данных и типы данных
2019-12-14 16:36,Максим,Лабораторная работа №7. Разработка системы анализа данных (индивидуальный проект)
2019-12-14 17:05,Максим,Лабораторная работа №7. Разработка системы анализа данных (индивидуальный проект)
2019-12-14 17:12,Максим,Лабораторная работа №4. Регрессия
2019-12-14 17:24,Максим,Лабораторная работа №4. Регрессия
2019-12-14 18:17,Максим,Лабораторная работа №5 (часть 2)
2019-12-14 18:19,Максим,Лабораторная работа №5 (часть 1)
2019-12-14 18:38,Максим,Лабораторная работа №6. Разработка системы анализа данных
2019-12-14 18:47,Максим,Лабораторная работа №5 (часть 1)
2019-12-14 19:43,Максим,Лабораторная работа №7. Разработка системы анализа данных (индивидуальный проект)
2019-12-14 19:49,Максим,Лабораторная работа №7. Разработка системы анализа данных (индивидуальный проект)
2019-12-14 20:31,Светлана,Лабораторная работа №3 (часть 2)
2019-12-14 20:55,Светлана,Лабораторная работа №7. Разработка системы анализа данных (индивидуальный проект)
2019-12-14 20:56,Светлана,Лабораторная работа №5 (часть 1)
2019-12-14 20:57,Светлана,Лабораторная работа №5 (часть 2)
2019-12-14 21:41,Светлана,Лабораторная работа №5 (часть 1)
2019-12-14 22:14,Максим,Лабораторная работа №3 (часть 2)
2019-12-14 22:14,Светлана,Лабораторная работа №6. Разработка системы анализа данных
2019-12-14 22:17,Максим,Лабораторная работа №3 (часть 1)
2019-12-14 22:25,Надежда,Лабораторная работа №7. Разработка системы анализа данных (индивидуальный проект)
2019-12-15 00:48,Максим,Лабораторная работа №6. Разработка системы анализа данных
2019-12-15 01:10,Максим,Лабораторная работа №7. Разработка системы анализа данных (индивидуальный проект)
2019-12-15 01:11,Светлана,Лабораторная работа №7. Разработка системы анализа данных (индивидуальный проект)
2019-12-15 14:45,Максим,Лабораторная работа №6. Разработка системы анализа данных
2019-12-15 15:34,Надежда,Лабораторная работа №7. Разработка системы анализа данных (индивидуальный проект)
2019-12-15 20:25,Светлана,Лабораторная работа №7. Разработка системы анализа данных (индивидуальный проект)
2019-12-16 22:07,Екатерина,Лабораторная работа №7. Разработка системы анализа данных (индивидуальный проект)
2019-12-18 15:09,Надежда,Лабораторная работа №7. Разработка системы анализа данных (индивидуальный проект)
2019-12-18 15:27,Максим,Лабораторная работа №7. Разработка системы анализа данных (индивидуальный проект)
2019-12-18 15:31,Максим,Лабораторная работа №7. Разработка системы анализа данных (индивидуальный проект)
2019-12-18 15:31,Екатерина,Лабораторная работа №6. Разработка системы анализа данных
2019-12-18 15:31,Екатерина,Лабораторная работа №7. Разработка системы анализа данных (индивидуальный проект)
2019-12-18 15:34,Дмитрий,Лабораторная работа №7. Разработка системы анализа данных (индивидуальный проект)
2019-12-18 16:05,Екатерина,Лабораторная работа №7. Разработка системы анализа данных (индивидуальный проект)
2019-12-18 16:05,Екатерина,Лабораторная работа №5 (часть 2)
2019-12-18 16:06,Екатерина,Лабораторная работа №4. Регрессия
2019-12-18 16:46,Светлана,Лабораторная работа №7. Разработка системы анализа данных (индивидуальный проект)
2019-12-18 16:51,Кирилл,Самостоятельная работа №2. Установка Anaconda
2019-12-18 18:14,Максим,Лабораторная работа №7. Разработка системы анализа данных (индивидуальный проект)
2019-12-20 17:13,Светлана,Лабораторная работа №7. Разработка системы анализа данных (индивидуальный проект)
2019-12-20 17:14,Светлана,Лабораторная работа №6. Разработка системы анализа данных
2019-12-20 17:14,Светлана,Лабораторная работа №7. Разработка системы анализа данных (индивидуальный проект)
2019-12-23 00:22,Надежда,Лабораторная работа №7. Разработка системы анализа данных (индивидуальный проект)
2019-12-23 01:02,Надежда,Лабораторная работа №7. Разработка системы анализа данных (индивидуальный проект)
2019-12-23 11:47,Екатерина,Лабораторная работа №7. Разработка системы анализа данных (индивидуальный проект)
2019-12-23 12:05,Дмитрий,Лабораторная работа №7. Разработка системы анализа данных (индивидуальный проект)
2019-12-23 12:52,Дмитрий,Лабораторная работа №7. Разработка системы анализа данных (индивидуальный проект)
2019-12-23 13:03,Дмитрий,Лабораторная работа №3 (часть 1)
2019-12-23 22:43,Кирилл,Лабораторная работа №7. Разработка системы анализа данных (индивидуальный проект)
2019-12-23 22:43,Кирилл,Лабораторная работа №7. Разработка системы анализа данных (индивидуальный проект)
2019-12-23 22:44,Кирилл,Лабораторная работа №7. Разработка системы анализа данных (индивидуальный проект)
2019-12-23 22:44,Кирилл,Лабораторная работа №7. Разработка системы анализа данных (индивидуальный проект)
2019-12-23 22:44,Кирилл,Лабораторная работа №7. Разработка системы анализа данных (индивидуальный проект)
2019-12-23 22:44,Кирилл,Лабораторная работа №7. Разработка системы анализа данных (индивидуальный проект)
2019-12-25 11:15,Кирилл,Лабораторная работа №7. Разработка системы анализа данных (индивидуальный проект)
2019-12-28 21:28,Светлана,Лабораторная работа №7. Разработка системы анализа данных (индивидуальный проект)
2019-12-28 21:28,Светлана,Лабораторная работа №7. Разработка системы анализа данных (индивидуальный проект)
2019-12-28 21:28,Светлана,Лабораторная работа №7. Разработка системы анализа данных (индивидуальный проект)
2019-12-28 21:28,Светлана,Лабораторная работа №7. Разработка системы анализа данных (индивидуальный проект)
2019-12-28 21:28,Светлана,Лабораторная работа №7. Разработка системы анализа данных (индивидуальный проект)
2019-12-28 21:28,Светлана,Лабораторная работа №7. Разработка системы анализа данных (индивидуальный проект)
2019-12-28 21:29,Светлана,Лабораторная работа №6. Разработка системы анализа данных
2020-01-02 00:07,Максим,Лабораторная работа №7. Разработка системы анализа данных (индивидуальный проект)
2020-01-02 00:07,Максим,Лабораторная работа №7. Разработка системы анализа данных (индивидуальный проект)
2020-01-02 00:07,Максим,Лабораторная работа №7. Разработка системы анализа данных (индивидуальный проект)
2020-01-02 00:07,Максим,Лабораторная работа №7. Разработка системы анализа данных (индивидуальный проект)
2020-01-02 00:30,Максим,Лабораторная работа №7. Разработка системы анализа данных (индивидуальный проект)
2020-01-02 00:30,Максим,Лабораторная работа №7. Разработка системы анализа данных (индивидуальный проект)
2020-01-02 00:31,Максим,Лабораторная работа №7. Разработка системы анализа данных (индивидуальный проект)
2020-01-02 00:31,Максим,Лабораторная работа №7. Разработка системы анализа данных (индивидуальный проект)
2020-01-02 00:31,Максим,Лабораторная работа №7. Разработка системы анализа данных (индивидуальный проект)
2020-01-02 00:31,Максим,Лабораторная работа №7. Разработка системы анализа данных (индивидуальный проект)
2020-01-02 00:31,Максим,Лабораторная работа №7. Разработка системы анализа данных (индивидуальный проект)
2020-01-02 00:32,Максим,Лабораторная работа №7. Разработка системы анализа данных (индивидуальный проект)
2020-01-05 16:20,Дмитрий,Лабораторная работа №7. Разработка системы анализа данных (индивидуальный проект)
2020-01-05 20:10,Дмитрий,Лабораторная работа №7. Разработка системы анализа данных (индивидуальный проект)
2020-01-05 20:40,Дмитрий,Лабораторная работа №7. Разработка системы анализа данных (индивидуальный проект)
2020-01-06 14:31,Степан,Лабораторная работа №6. Разработка системы анализа данных
2020-01-06 14:31,Степан,Лабораторная работа №6. Разработка системы анализа данных
2020-01-06 17:09,Дмитрий,Лабораторная работа №7. Разработка системы анализа данных (индивидуальный проект)
2020-01-06 17:12,Дмитрий,Лабораторная работа №6. Разработка системы анализа данных
2020-01-06 17:14,Дмитрий,Лабораторная работа №6. Разработка системы анализа данных
2020-01-06 17:23,Дмитрий,Лабораторная работа №7. Разработка системы анализа данных (индивидуальный проект)
2020-01-06 19:54,Дмитрий,Лабораторная работа №7. Разработка системы анализа данных (индивидуальный проект)
2020-01-09 10:27,Екатерина,Лабораторная работа №7. Разработка системы анализа данных (индивидуальный проект)
2020-01-09 10:27,Екатерина,Лабораторная работа №7. Разработка системы анализа данных (индивидуальный проект)
2020-01-09 10:28,Екатерина,Лабораторная работа №7. Разработка системы анализа данных (индивидуальный проект)
2020-01-09 10:28,Екатерина,Лабораторная работа №7. Разработка системы анализа данных (индивидуальный проект)
2020-01-09 10:28,Екатерина,Лабораторная работа №7. Разработка системы анализа данных (индивидуальный проект)
2020-01-09 10:28,Екатерина,Лабораторная работа №7. Разработка системы анализа данных (индивидуальный проект)
2020-01-09 10:30,Олег,Лабораторная работа №7. Разработка системы анализа данных (индивидуальный проект)
2020-01-09 10:30,Олег,Лабораторная работа №7. Разработка системы анализа данных (индивидуальный проект)
2020-01-09 10:30,Олег,Лабораторная работа №7. Разработка системы анализа данных (индивидуальный проект)
2020-01-09 10:30,Олег,Лабораторная работа №7. Разработка системы анализа данных (индивидуальный проект)
2020-01-09 10:30,Олег,Лабораторная работа №7. Разработка системы анализа данных (индивидуальный проект)
2020-01-09 10:30,Олег,Лабораторная работа №7. Разработка системы анализа данных (индивидуальный проект)
2020-01-09 10:59,Юлия,Лабораторная работа №7. Разработка системы анализа данных (индивидуальный проект)
2020-01-09 10:59,Юлия,Лабораторная работа №7. Разработка системы анализа данных (индивидуальный проект)
2020-01-09 11:02,Юлия,Лабораторная работа №7. Разработка системы анализа данных (индивидуальный проект)
2020-01-09 11:02,Юлия,Лабораторная работа №7. Разработка системы анализа данных (индивидуальный проект)
2020-01-09 11:02,Юлия,Лабораторная работа №7. Разработка системы анализа данных (индивидуальный проект)
2020-01-09 11:02,Юлия,Лабораторная работа №7. Разработка системы анализа данных (индивидуальный проект)
2020-01-09 11:12,Дмитрий,Лабораторная работа №7. Разработка системы анализа данных (индивидуальный проект)
2020-01-09 11:12,Дмитрий,Лабораторная работа №7. Разработка системы анализа данных (индивидуальный проект)
2020-01-09 11:12,Дмитрий,Лабораторная работа №7. Разработка системы анализа данных (индивидуальный проект)
2020-01-09 11:12,Дмитрий,Лабораторная работа №7. Разработка системы анализа данных (индивидуальный проект)
2020-01-09 11:12,Дмитрий,Лабораторная работа №7. Разработка системы анализа данных (индивидуальный проект)
2020-01-09 11:12,Дмитрий,Лабораторная работа №7. Разработка системы анализа данных (индивидуальный проект)
2020-01-09 14:35,Дмитрий,Лабораторная работа №7. Разработка системы анализа данных (индивидуальный проект)
2020-01-15 21:40,Дмитрий,Лабораторная работа №7. Разработка системы анализа данных (индивидуальный проект)
